<?xml version="1.0" encoding="UTF-8"?>
<project-private xmlns="http://www.netbeans.org/ns/project-private/1">
    <editor-bookmarks xmlns="http://www.netbeans.org/ns/editor-bookmarks/2" lastBookmarkId="0"/>
    <open-files xmlns="http://www.netbeans.org/ns/projectui-open-files/2">
        <group>
            <file>file:/C:/Users/Alumno/Documents/NetBeansProjects/2018-03-08ProyectoCasa/2018-03-06FinClaseEva/web/presupuestonuevo.xhtml</file>
            <file>file:/C:/Users/Alumno/Documents/NetBeansProjects/2018-03-08ProyectoCasa/2018-03-06FinClaseEva/web/clientenuevo.xhtml</file>
            <file>file:/C:/Users/Alumno/Documents/NetBeansProjects/2018-03-08ProyectoCasa/2018-03-06FinClaseEva/web/estilos.css</file>
        </group>
    </open-files>
</project-private>
